;ACTIVE_AT;ACTIVE_AX;ACTIVE_CheckCosmos;Start_ACTIVE_CheckCosmos;CosmosStatus_ACTIVE_CheckCosmos;GwsAreOK_ACTIVE_CheckCosmos;trainbus_fnLRS_ACTIVE_CheckCosmos;Address_ACTIVE_CheckCosmos;ReadHeartBeats_ACTIVE_CheckCosmos;CCVarQualityReset_ACTIVE_CheckCosmos;RefreshAdmVars_ACTIVE_CheckCosmos;AdmsAreOK_ACTIVE_CheckCosmos;CcusAreOK_ACTIVE_CheckCosmos;fnLRS_ACTIVE_CheckCosmos;TrazasDepuracion_ACTIVE_CheckCosmos;PrintTrazas_ACTIVE_CheckCosmos;ACTIVE_CM;ACTIVE_CV;ACTIVE_EC;ACTIVE_EQ;ACTIVE_EV1;ACTIVE_EV2;ACTIVE_EV3;ACTIVE_EV4;ACTIVE_GE;ACTIVE_GW;ACTIVE_HMI;ACTIVE_IL;ACTIVE_LZ;ACTIVE_MT;ACTIVE_PU;ACTIVE_RG;ACTIVE_SC;ACTIVE_SC_LOC;ACTIVE_SC_PUL;ACTIVE_SC_UCU;ACTIVE_SIV;UserInit;CV_400_ON_SetInit;CV_400_ON_SetInput;CV_400_ON_GetOnC1;CV_400_ON_GetOnC2;CV_400_ON_GetOnM3;CV_AUX_SetInit;CV_AUX_SetInput;CV_AUX_GetAuxR;CV_AUX_GetAuxM3;CV_AUX_GetOutR;CV_AUX_GetOutM3;CV_AUX_AuxSimple;CV_INV_AUX_SetInit;CV_INV_AUX_SetInputHV;CV_INV_AUX_SetInput;CV_INV_AUX_GetValue;CV_INV_AUX_GetOutput;PLC_READ_FILE_Init;PLC_READ_FILE_SetInput;PLC_READ_FILE_GetValue1;PLC_READ_FILE_GetValue2;PLC_READ_FILE_GetValue3;PLC_READ_FILE_GetValue4;PLC_READ_FILE_GetValue5;PLC_READ_FILE_GetValue6;PLC_READ_FILE_GetValue7;PLC_READ_FILE_GetValue8;PLC_READ_FILE_GetValueCV;ReadFile;SC_CHARGE_SetInit;SC_CHARGE_SetValuePanto;SC_CHARGE_SetValueCapt;SC_CHARGE_GetValue;SC_LOC_EST_SetInit;SC_LOC_EST_SetBaliza;SC_LOC_EST_GetEnEstacion;SC_LOC_EST_GetCodigo_Est;SC_LOC_EST_GetCurrent;SC_LOC_EST_GetTramo;SC_LOC_EST_BalizaEstacion;SC_LOC_PROT_SetInit;SC_LOC_PROT_SetBaliza;SC_LOC_PROT_SetCond;SC_LOC_PROT_GetDES_AT;SC_LOC_PROT_GetAL_SIN;SC_LOC_PROT_GetAL_CON;SC_LOC_PROT_BalizaSIN;SC_LOC_PROT_BalizaCON;SC_LOC_SAL_SetInit;SC_LOC_SAL_SetTransicion;SC_LOC_SAL_GetZonaCON;SC_LOC_SAL_GetZonaSIN;SC_LOC_SAL_GetPtoCarga;SC_LOC_SAL_SetFault;SC_LOC_SAL_GetMinorFault;SC_LOC_SAL_GetMajorFault;SC_PUL_PULSA_SetInit;SC_PUL_PULSA_SetFlanco;SC_PUL_PULSA_SetPulsCont;SC_PUL_PULSA_Set2Puls;SC_PUL_PULSA_GetPulsa;SC_UCU_VAR_Select;SC_UCU_VAR_Acop;SC_UCU_VAR_GetOutput
ACTIVE_AT;0;0,9843137;1;1;1;1;1;1;1;1;1;1;1;1;1;1;1;0,9764706;0,9823529;0,9908257;1;0,98657715;1;1;1;1;0,9991431;0,9805195;0,98734176;0,98832685;0,99224806;1;0,990099;1;1;1;1;1;1;1;1;1;1;1;1;1;1;1;1;1;1;1;1;1;1;1;1;1;1;1;1;1;1;1;1;1;1;1;1;1;1;1;1;1;1;1;1;1;1;1;1;1;1;1;1;1;1;1;1;1;1;1;1;1;1;1;1;1;1;1;1;1
ACTIVE_AX;0,9843137;0;1;1;1;1;1;1;1;1;1;1;1;1;1;1;1;0,9844961;0,98841697;1;1;0,9958159;1;1;1;1;0,9968;0,9836066;0,9959514;0,9883382;0,9907407;1;0,98615915;1;1;1;1;1;1;1;1;1;1;1;1;1;1;1;1;1;1;1;1;1;1;1;1;1;1;1;1;1;1;1;1;1;1;1;1;1;1;1;1;1;1;1;1;1;1;1;1;1;1;1;1;1;1;1;1;1;1;1;1;1;1;1;1;1;1;1;1;1
ACTIVE_CheckCosmos;1;1;0;1;0,93333334;1;1;1;1;1;0,8181818;1;0,9444444;1;1;1;1;1;1;1;1;1;1;1;1;1;1;1;1;1;1;1;1;1;1;1;1;1;1;1;1;1;1;1;1;1;1;1;1;1;1;1;1;1;1;1;1;1;1;1;1;1;1;1;1;1;1;1;1;1;1;1;1;1;1;1;1;1;1;1;1;1;1;1;1;1;1;1;1;1;1;1;1;1;1;1;1;1;1;1;1;1
Start_ACTIVE_CheckCosmos;1;1;1;0;0,8666667;0,95652175;0,96666664;1;1;1;1;0,9230769;0,95;0,9230769;1;0,9230769;1;1;1;1;1;1;1;1;1;1;1;1;1;1;1;1;1;1;1;1;1;1;1;1;1;1;1;1;1;1;1;1;1;1;1;1;1;1;1;1;1;1;1;1;1;1;1;1;1;1;1;1;1;1;1;1;1;1;1;1;1;1;1;1;1;1;1;1;1;1;1;1;1;1;1;1;1;1;1;1;1;1;1;1;1;1
CosmosStatus_ACTIVE_CheckCosmos;1;1;0,93333334;0,8666667;0;1;1;1;1;1;0,9354839;1;1;1;1;1;1;1;1;1;1;1;1;1;1;1;1;1;1;1;1;1;1;1;1;1;1;1;1;1;1;1;1;1;1;1;1;1;1;1;1;1;1;1;1;1;1;1;1;1;1;1;1;1;1;1;1;1;1;1;1;1;1;1;1;1;1;1;1;1;1;1;1;1;1;1;1;1;1;1;1;1;1;1;1;1;1;1;1;1;1;1
GwsAreOK_ACTIVE_CheckCosmos;1;1;1;0,95652175;1;0;0,8857143;1;1;1;1;0,95238096;0,96428573;0,95238096;1;1;1;1;1;1;1;1;1;1;1;1;1;1;1;1;1;1;1;1;1;1;1;1;1;1;1;1;1;1;1;1;1;1;1;1;1;1;1;1;1;1;1;1;1;1;1;1;1;1;1;1;1;1;1;1;1;1;1;1;1;1;1;1;1;1;1;1;1;1;1;1;1;1;1;1;1;1;1;1;1;1;1;1;1;1;1;1
trainbus_fnLRS_ACTIVE_CheckCosmos;1;1;1;0,96666664;1;0,8857143;0;1;1;1;1;0,96428573;0,9714286;0,96428573;1;1;1;1;1;1;1;1;1;1;1;1;1;1;1;1;1;1;1;1;1;1;1;1;1;1;1;1;1;1;1;1;1;1;1;1;1;1;1;1;1;1;1;1;1;1;1;1;1;1;1;1;1;1;1;1;1;1;1;1;1;1;1;1;1;1;1;1;1;1;1;1;1;1;1;1;1;1;1;1;1;1;1;1;1;1;1;1
Address_ACTIVE_CheckCosmos;1;1;1;1;1;1;1;0;1;1;1;1;1;1;1;1;1;1;1;1;1;1;1;1;1;1;1;1;1;1;1;1;1;1;1;1;1;1;1;1;1;1;1;1;1;1;1;1;1;1;1;1;1;1;1;1;1;1;1;1;1;1;1;1;1;1;1;1;1;1;1;1;1;1;1;1;1;1;1;1;1;1;1;1;1;1;1;1;1;1;1;1;1;1;1;1;1;1;1;1;1;1
ReadHeartBeats_ACTIVE_CheckCosmos;1;1;1;1;1;1;1;1;0;0,41666666;1;0,84615386;0,95;1;1;1;1;1;1;1;1;1;1;1;1;1;1;1;1;1;1;1;1;1;1;1;1;1;1;1;1;1;1;1;1;1;1;1;1;1;1;1;1;1;1;1;1;1;1;1;1;1;1;1;1;1;1;1;1;1;1;1;1;1;1;1;1;1;1;1;1;1;1;1;1;1;1;1;1;1;1;1;1;1;1;1;1;1;1;1;1;1
CCVarQualityReset_ACTIVE_CheckCosmos;1;1;1;1;1;1;1;1;0,41666666;0;0,8666667;0,85714287;0,95238096;1;1;1;1;1;1;1;1;1;1;1;1;1;1;1;1;1;1;1;1;1;1;1;1;1;1;1;1;1;1;1;1;1;1;1;1;1;1;1;1;1;1;1;1;1;1;1;1;1;1;1;1;1;1;1;1;1;1;1;1;1;1;1;1;1;1;1;1;1;1;1;1;1;1;1;1;1;1;1;1;1;1;1;1;1;1;1;1;1
RefreshAdmVars_ACTIVE_CheckCosmos;1;1;0,8181818;1;0,9354839;1;1;1;1;0,8666667;0;1;1;1;1;1;1;1;1;1;1;1;1;1;1;1;1;1;1;1;1;1;1;1;1;1;1;1;1;1;1;1;1;1;1;1;1;1;1;1;1;1;1;1;1;1;1;1;1;1;1;1;1;1;1;1;1;1;1;1;1;1;1;1;1;1;1;1;1;1;1;1;1;1;1;1;1;1;1;1;1;1;1;1;1;1;1;1;1;1;1;1
AdmsAreOK_ACTIVE_CheckCosmos;1;1;1;0,9230769;1;0,95238096;0,96428573;1;0,84615386;0,85714287;1;0;0,61538464;0,8;1;1;1;1;1;1;1;1;1;1;1;1;1;1;1;1;1;1;1;1;1;1;1;1;1;1;1;1;1;1;1;1;1;1;1;1;1;1;1;1;1;1;1;1;1;1;1;1;1;1;1;1;1;1;1;1;1;1;1;1;1;1;1;1;1;1;1;1;1;1;1;1;1;1;1;1;1;1;1;1;1;1;1;1;1;1;1;1
CcusAreOK_ACTIVE_CheckCosmos;1;1;0,9444444;0,95;1;0,96428573;0,9714286;1;0,95;0,95238096;1;0,61538464;0;0,88235295;1;1;1;1;1;1;1;1;1;1;1;1;1;1;1;1;1;1;1;1;1;1;1;1;1;1;1;1;1;1;1;1;1;1;1;1;1;1;1;1;1;1;1;1;1;1;1;1;1;1;1;1;1;1;1;1;1;1;1;1;1;1;1;1;1;1;1;1;1;1;1;1;1;1;1;1;1;1;1;1;1;1;1;1;1;1;1;1
fnLRS_ACTIVE_CheckCosmos;1;1;1;0,9230769;1;0,95238096;0,96428573;1;1;1;1;0,8;0,88235295;0;1;1;1;1;1;1;1;1;1;1;1;1;1;1;1;1;1;1;1;1;1;1;1;1;1;1;1;1;1;1;1;1;1;1;1;1;1;1;1;1;1;1;1;1;1;1;1;1;1;1;1;1;1;1;1;1;1;1;1;1;1;1;1;1;1;1;1;1;1;1;1;1;1;1;1;1;1;1;1;1;1;1;1;1;1;1;1;1
TrazasDepuracion_ACTIVE_CheckCosmos;1;1;1;1;1;1;1;1;1;1;1;1;1;1;0;1;1;1;1;1;1;1;1;1;1;1;1;1;1;1;1;1;1;1;1;1;1;1;1;1;1;1;1;1;1;1;1;1;1;1;1;1;1;1;1;1;1;1;1;1;1;1;1;1;1;1;1;1;1;1;1;1;1;1;1;1;1;1;1;1;1;1;1;1;1;1;1;1;1;1;1;1;1;1;1;1;1;1;1;1;1;1
PrintTrazas_ACTIVE_CheckCosmos;1;1;1;0,9230769;1;1;1;1;1;1;1;1;1;1;1;0;1;1;1;1;1;1;1;1;1;1;1;1;1;1;1;1;1;1;1;1;1;1;1;1;1;1;1;1;1;1;1;1;1;1;1;1;1;1;1;1;1;1;1;1;1;1;1;1;1;1;1;1;1;1;1;1;1;1;1;1;1;1;1;1;1;1;1;1;1;1;1;1;1;1;1;1;1;1;1;1;1;1;1;1;1;1
ACTIVE_CM;1;1;1;1;1;1;1;1;1;1;1;1;1;1;1;1;0;1;0,9929578;1;1;1;1;1;1;1;1;1;1;0,995671;0,989899;1;1;1;1;1;1;1;1;1;1;1;1;1;1;1;1;1;1;1;1;1;1;1;1;0,983871;0,9876543;1;1;1;1;1;1;1;1;1;1;1;1;1;1;1;1;1;1;1;1;1;1;1;1;1;1;1;1;1;1;1;1;1;1;1;1;1;1;1;1;1;1;1;1;1
ACTIVE_CV;0,9764706;0,9844961;1;1;1;1;1;1;1;1;1;1;1;1;1;1;1;0;0,9709302;1;1;0,9869281;1;1;1;1;0,9974315;0,9681529;0,9876543;0,98054475;0,99248123;1;0,98039216;1;1;1;1;1;1;1;1;1;1;1;1;1;1;1;1;1;1;1;1;1;1;1;1;1;1;1;1;1;1;1;1;1;1;1;1;1;1;1;1;1;1;1;1;1;1;1;1;1;1;1;1;1;1;1;1;1;1;1;1;1;1;1;1;1;1;1;1;1
ACTIVE_EC;0,9823529;0,98841697;1;1;1;1;1;1;1;1;1;1;1;1;1;1;0,9929578;0,9709302;0;0,9910714;1;0,99346405;1;1;0,9916667;1;0,99570817;0,9875;0,9875776;0,98846155;0,9847328;1;0,9804878;1;1;1;0,99378884;1;1;1;1;1;1;1;1;1;1;1;1;1;1;1;1;1;1;1;1;1;1;1;1;1;1;1;1;1;1;1;1;1;1;1;1;1;1;1;1;1;1;1;1;1;1;1;1;1;1;1;1;1;1;1;1;1;1;1;1;1;1;1;1;1
ACTIVE_EQ;0,9908257;1;1;1;1;1;1;1;1;1;1;1;1;1;1;1;1;1;0,9910714;0;1;1;1;1;1;1;1;1;1;0,9587629;1;0,9746835;0,9861111;1;1;1;1;0,9724771;1;1;1;1;1;1;1;1;1;1;1;1;1;1;1;1;1;1;1;1;1;1;1;1;1;1;1;1;1;1;1;1;1;1;1;1;1;1;1;1;1;1;1;1;1;1;1;1;1;1;1;1;1;1;1;1;1;1;1;1;1;1;1;1
ACTIVE_EV1;1;1;1;1;1;1;1;1;1;1;1;1;1;1;1;1;1;1;1;1;0;0,9894737;1;1;1;1;1;1;1;1;1;1;1;1;1;1;1;1;1;1;1;1;1;1;1;1;1;1;1;1;1;1;1;1;1;1;1;1;1;1;1;1;1;1;1;1;1;1;1;1;1;1;1;1;1;1;1;1;1;1;1;1;1;1;1;1;1;1;1;1;1;1;1;1;1;1;1;1;1;1;1;1
ACTIVE_EV2;0,98657715;0,9958159;1;1;1;1;1;1;1;1;1;1;1;1;1;1;1;0,9869281;0,99346405;1;0,9894737;0;1;1;1;1;1;0,9928058;0,99285716;0,99170125;0,9909091;1;1;1;1;1;1;1;1;1;1;1;1;1;1;1;1;1;1;1;1;1;1;1;1;1;1;1;1;1;1;1;1;1;1;1;1;1;1;1;1;1;1;1;1;1;1;1;1;1;1;1;1;1;1;1;1;1;1;1;1;1;1;1;1;1;1;1;1;1;1;1
ACTIVE_EV3;1;1;1;1;1;1;1;1;1;1;1;1;1;1;1;1;1;1;1;1;1;1;0;1;1;1;1;1;1;1;1;1;1;1;1;1;1;1;1;1;1;1;1;1;1;1;1;1;1;1;1;1;1;1;1;1;1;1;1;1;1;1;1;1;1;1;1;1;1;1;1;1;1;1;1;1;1;1;1;1;1;1;1;1;1;1;1;1;1;1;1;1;1;1;1;1;1;1;1;1;1;1
ACTIVE_EV4;1;1;1;1;1;1;1;1;1;1;1;1;1;1;1;1;1;1;1;1;1;1;1;0;1;1;1;1;1;1;1;1;1;1;1;1;1;1;1;1;1;1;1;1;1;1;1;1;1;1;1;1;1;1;1;1;1;1;1;1;1;1;1;1;1;1;1;1;1;1;1;1;1;1;1;1;1;1;1;1;1;1;1;1;1;1;1;1;1;1;1;1;1;1;1;1;1;1;1;1;1;1
ACTIVE_GE;1;1;1;1;1;1;1;1;1;1;1;1;1;1;1;1;1;1;0,9916667;1;1;1;1;1;0;1;1;0,99065423;1;1;1;1;1;1;1;1;1;1;1;1;1;1;1;1;1;1;1;1;1;1;1;1;1;1;1;1;1;1;1;1;1;1;1;1;1;1;1;1;1;1;1;1;1;1;1;1;1;1;1;1;1;1;1;1;1;1;1;1;1;1;1;1;1;1;1;1;1;1;1;1;1;1
ACTIVE_GW;1;1;1;1;1;1;1;1;1;1;1;1;1;1;1;1;1;1;1;1;1;1;1;1;1;0;1;1;1;1;1;0,9655172;1;1;1;1;1;1;1;1;1;1;1;1;1;1;1;1;1;1;1;1;1;1;1;1;1;1;1;1;1;1;1;1;1;1;1;1;1;1;1;1;1;1;1;1;1;1;1;1;1;1;1;1;1;1;1;1;1;1;1;1;1;1;1;1;1;1;1;1;1;1
ACTIVE_HMI;0,9991431;0,9968;1;1;1;1;1;1;1;1;1;1;1;1;1;1;1;0,9974315;0,99570817;1;1;1;1;1;1;1;0;0,9982684;1;0,99520385;1;1;0,9991674;1;1;1;1;1;1;1;1;1;1;1;1;1;1;1;1;1;1;1;1;1;1;1;1;1;1;1;1;1;1;1;1;1;1;1;1;1;1;1;1;1;1;1;1;1;1;1;1;1;1;1;1;1;1;1;1;1;1;1;1;1;1;1;1;1;1;1;1;1
ACTIVE_IL;0,9805195;0,9836066;1;1;1;1;1;1;1;1;1;1;1;1;1;1;1;0,9681529;0,9875;1;1;0,9928058;1;1;0,99065423;1;0,9982684;0;0,9932432;0,9878049;1;1;0,9790576;1;1;1;1;1;1;1;1;1;1;1;1;1;1;1;1;1;1;1;1;1;1;1;1;1;1;1;1;1;1;1;1;1;1;1;1;1;1;1;1;1;1;1;1;1;1;1;1;1;1;1;1;1;1;1;1;1;1;1;1;1;1;1;1;1;1;1;1;1
ACTIVE_LZ;0,98734176;0,9959514;1;1;1;1;1;1;1;1;1;1;1;1;1;1;1;0,9876543;0,9875776;1;1;0,99285716;1;1;1;1;1;0,9932432;0;0,99196786;0,99159664;1;0,9790576;0,99029124;1;1;1;1;1;1;1;1;1;1;1;1;1;1;1;1;1;1;1;1;1;1;1;1;1;1;1;1;1;1;1;1;1;1;1;1;1;1;1;1;1;1;1;1;1;1;1;1;1;1;1;1;1;1;1;1;1;1;1;1;1;1;1;1;1;1;1;1
ACTIVE_MT;0,98832685;0,9883382;1;1;1;1;1;1;1;1;1;1;1;1;1;1;0,995671;0,98054475;0,98846155;0,9587629;1;0,99170125;1;1;1;1;0,99520385;0,9878049;0,99196786;0;0,9909091;0,97356826;0,9896907;1;1;0,97969544;1;1;1;1;1;1;1;1;1;1;1;1;1;1;1;1;1;1;1;1;1;1;1;1;1;1;1;1;1;1;1;1;1;1;1;1;1;1;1;1;1;1;1;1;1;1;1;1;1;1;1;1;1;1;1;1;1;1;1;1;1;1;1;1;1;1
ACTIVE_PU;0,99224806;0,9907407;1;1;1;1;1;1;1;1;1;1;1;1;1;1;0,989899;0,99248123;0,9847328;1;1;0,9909091;1;1;1;1;1;1;0,99159664;0,9909091;0;1;0,9939394;1;1;1;1;1;1;1;1;1;1;1;1;1;1;1;1;1;1;1;1;1;1;1;1;1;1;1;1;1;1;1;1;1;1;1;1;1;1;1;1;1;1;1;1;1;1;1;1;1;1;1;1;1;1;1;1;1;1;1;1;1;1;1;1;1;1;1;1;1
ACTIVE_RG;1;1;1;1;1;1;1;1;1;1;1;1;1;1;1;1;1;1;1;0,9746835;1;1;1;1;1;0,9655172;1;1;1;0,97356826;1;0;1;0,9880952;1;1;1;1;1;1;1;1;1;1;1;1;1;1;1;1;1;1;1;1;1;1;1;1;1;1;1;1;1;1;1;1;1;1;1;1;1;1;1;1;1;1;1;1;1;1;1;1;1;1;1;1;1;1;1;1;1;1;1;1;1;1;1;1;1;1;1;1
ACTIVE_SC;0,990099;0,98615915;1;1;1;1;1;1;1;1;1;1;1;1;1;1;1;0,98039216;0,9804878;0,9861111;1;1;1;1;1;1;0,9991674;0,9790576;0,9790576;0,9896907;0,9939394;1;0;1;0,99418604;1;1;1;1;1;1;1;1;1;1;1;1;1;1;1;1;1;1;1;1;1;1;1;1;1;1;1;1;1;1;1;1;1;1;1;1;1;1;1;1;1;1;1;1;1;1;1;1;1;1;1;1;1;1;1;1;1;1;1;1;1;1;1;1;1;1;1
ACTIVE_SC_LOC;1;1;1;1;1;1;1;1;1;1;1;1;1;1;1;1;1;1;1;1;1;1;1;1;1;1;1;1;0,99029124;1;1;0,9880952;1;0;1;1;1;1;1;1;1;1;1;1;1;1;1;1;1;1;1;1;1;1;1;1;1;1;1;1;1;1;1;1;1;1;1;1;1;1;1;1;1;0,97619045;1;1;1;1;1;1;1;1;1;1;1;1;1;1;1;1;1;1;1;1;1;1;1;1;1;1;1;1
ACTIVE_SC_PUL;1;1;1;1;1;1;1;1;1;1;1;1;1;1;1;1;1;1;1;1;1;1;1;1;1;1;1;1;1;1;1;1;0,99418604;1;0;1;1;1;1;1;1;1;1;1;1;1;1;1;1;1;1;1;1;1;1;1;1;1;1;1;1;1;1;1;1;1;1;1;1;1;1;1;1;1;1;1;1;1;1;1;1;1;1;1;1;1;1;1;1;1;1;1;1;1;1;1;1;1;1;1;1;1
ACTIVE_SC_UCU;1;1;1;1;1;1;1;1;1;1;1;1;1;1;1;1;1;1;1;1;1;1;1;1;1;1;1;1;1;0,97969544;1;1;1;1;1;0;1;1;1;1;1;1;1;1;1;1;1;1;1;1;1;1;1;1;1;1;1;1;1;1;1;1;1;1;1;1;1;1;1;1;1;1;1;1;1;1;1;1;1;1;1;1;1;1;1;1;1;1;1;1;1;1;1;1;1;1;1;1;1;1;1;1
ACTIVE_SIV;1;1;1;1;1;1;1;1;1;1;1;1;1;1;1;1;1;1;0,99378884;1;1;1;1;1;1;1;1;1;1;1;1;1;1;1;1;1;0;1;1;1;1;1;1;1;1;1;1;1;1;1;1;1;1;1;1;1;1;1;1;1;1;1;1;1;1;1;1;1;1;1;1;1;1;1;1;1;1;1;1;1;1;1;1;1;1;1;1;1;1;1;1;1;1;1;1;1;1;1;1;1;1;1
UserInit;1;1;1;1;1;1;1;1;1;1;1;1;1;1;1;1;1;1;1;0,9724771;1;1;1;1;1;1;1;1;1;1;1;1;1;1;1;1;1;0;1;1;1;1;1;1;1;1;1;1;1;1;1;1;1;1;1;1;1;1;1;1;1;1;1;1;1;1;1;1;1;1;1;1;1;1;1;1;1;1;1;1;1;1;1;1;1;1;1;1;1;1;1;1;1;1;1;1;1;1;1;1;1;1
CV_400_ON_SetInit;1;1;1;1;1;1;1;1;1;1;1;1;1;1;1;1;1;1;1;1;1;1;1;1;1;1;1;1;1;1;1;1;1;1;1;1;1;1;0;1;1;1;1;0,6666667;1;1;1;1;1;1;1;1;1;1;1;1;1;1;1;1;1;1;1;1;1;1;1;1;1;1;1;1;1;1;1;1;1;1;1;1;1;1;1;1;1;1;1;1;1;1;1;1;1;1;1;1;1;1;1;1;1;1
CV_400_ON_SetInput;1;1;1;1;1;1;1;1;1;1;1;1;1;1;1;1;1;1;1;1;1;1;1;1;1;1;1;1;1;1;1;1;1;1;1;1;1;1;1;0;1;1;1;0,8333333;0,9166667;1;1;1;1;1;0,8888889;0,8333333;0,8333333;0,8888889;1;0,90909094;0,96666664;1;1;1;1;1;1;1;1;1;1;0,8;0,85714287;0,90909094;0,8;1;0,90909094;0,9411765;1;1;0,9166667;1;0,8333333;0,85714287;0,8;0,9285714;1;1;1;1;0,8;0,85714287;1;1;1;0,90909094;1;1;0,8333333;0,8333333;0,8888889;0,8888889;0,8333333;0,8333333;0,8;0,8
CV_400_ON_GetOnC1;1;1;1;1;1;1;1;1;1;1;1;1;1;1;1;1;1;1;1;1;1;1;1;1;1;1;1;1;1;1;1;1;1;1;1;1;1;1;1;1;0;1;1;1;1;1;1;1;1;1;1;1;1;1;1;1;1;1;1;1;1;1;1;1;1;1;1;1;1;1;1;1;1;1;1;1;1;1;1;1;1;1;1;1;1;1;1;1;1;1;1;1;1;1;1;1;1;1;1;1;1;1
CV_400_ON_GetOnC2;1;1;1;1;1;1;1;1;1;1;1;1;1;1;1;1;1;1;1;1;1;1;1;1;1;1;1;1;1;1;1;1;1;1;1;1;1;1;1;1;1;0;1;1;1;1;1;1;1;1;1;1;1;1;1;1;1;1;1;1;1;1;1;1;1;1;1;1;1;1;1;1;1;1;1;1;1;1;1;1;1;1;1;1;1;1;1;1;1;1;1;1;1;1;1;1;1;1;1;1;1;1
CV_400_ON_GetOnM3;1;1;1;1;1;1;1;1;1;1;1;1;1;1;1;1;1;1;1;1;1;1;1;1;1;1;1;1;1;1;1;1;1;1;1;1;1;1;1;1;1;1;0;1;1;1;1;1;1;1;1;1;1;1;1;1;1;1;1;1;1;1;1;1;1;1;1;1;1;1;1;1;1;1;1;1;1;1;1;1;1;1;1;1;1;1;1;1;1;1;1;1;1;1;1;1;1;1;1;1;1;1
CV_AUX_SetInit;1;1;1;1;1;1;1;1;1;1;1;1;1;1;1;1;1;1;1;1;1;1;1;1;1;1;1;1;1;1;1;1;1;1;1;1;1;1;0,6666667;0,8333333;1;1;1;0;0,90909094;1;1;1;1;1;0,875;0,8;0,8;0,875;1;0,9;0,9655172;1;1;1;1;1;1;1;1;1;1;0,75;0,8333333;0,9;0,75;1;0,9;0,9375;1;1;0,90909094;1;0,8;0,8333333;0,75;0,9230769;1;1;1;1;0,75;0,8333333;1;1;1;0,9;1;1;0,8;0,8;0,875;0,875;0,8;0,8;0,75;0,75
CV_AUX_SetInput;1;1;1;1;1;1;1;1;1;1;1;1;1;1;1;1;1;1;1;1;1;1;1;1;1;1;1;1;1;1;1;1;1;1;1;1;1;1;1;0,9166667;1;1;1;0,90909094;0;1;1;1;1;1;0,9285714;0,90909094;0,90909094;0,72727275;0,7;0,9375;0,9714286;1;1;1;1;1;1;1;1;1;1;0,9;0,9166667;0,9375;0,9;1;0,9375;0,95454544;1;1;0,9411765;1;0,90909094;0,9166667;0,9;0,75;1;1;1;1;0,9;0,9166667;1;1;1;0,7692308;1;1;0,90909094;0,90909094;0,6363636;0,6363636;0,90909094;0,90909094;0,9;0,9
CV_AUX_GetAuxR;1;1;1;1;1;1;1;1;1;1;1;1;1;1;1;1;1;1;1;1;1;1;1;1;1;1;1;1;1;1;1;1;1;1;1;1;1;1;1;1;1;1;1;1;1;0;1;1;1;1;1;1;1;1;1;1;1;1;1;1;1;1;1;1;1;1;1;1;1;1;1;1;1;1;1;1;1;1;1;1;1;1;1;1;1;1;1;1;1;1;1;1;1;1;1;1;1;1;1;1;1;1
CV_AUX_GetAuxM3;1;1;1;1;1;1;1;1;1;1;1;1;1;1;1;1;1;1;1;1;1;1;1;1;1;1;1;1;1;1;1;1;1;1;1;1;1;1;1;1;1;1;1;1;1;1;0;1;1;1;1;1;1;1;1;1;1;1;1;1;1;1;1;1;1;1;1;1;1;1;1;1;1;1;1;1;1;1;1;1;1;1;1;1;1;1;1;1;1;1;1;1;1;1;1;1;1;1;1;1;1;1
CV_AUX_GetOutR;1;1;1;1;1;1;1;1;1;1;1;1;1;1;1;1;1;1;1;1;1;1;1;1;1;1;1;1;1;1;1;1;1;1;1;1;1;1;1;1;1;1;1;1;1;1;1;0;1;1;1;1;1;1;1;1;1;1;1;1;1;1;1;1;1;1;1;1;1;1;1;1;1;1;1;1;1;1;1;1;1;1;1;1;1;1;1;1;1;1;1;1;1;1;1;1;1;1;1;1;1;1
CV_AUX_GetOutM3;1;1;1;1;1;1;1;1;1;1;1;1;1;1;1;1;1;1;1;1;1;1;1;1;1;1;1;1;1;1;1;1;1;1;1;1;1;1;1;1;1;1;1;1;1;1;1;1;0;1;1;1;1;1;1;1;1;1;1;1;1;1;1;1;1;1;1;1;1;1;1;1;1;1;1;1;1;1;1;1;1;1;1;1;1;1;1;1;1;1;1;1;1;1;1;1;1;1;1;1;1;1
CV_AUX_AuxSimple;1;1;1;1;1;1;1;1;1;1;1;1;1;1;1;1;1;1;1;1;1;1;1;1;1;1;1;1;1;1;1;1;1;1;1;1;1;1;1;1;1;1;1;1;1;1;1;1;1;0;1;1;1;1;0,75;1;1;1;1;1;1;1;1;1;1;1;1;1;1;1;1;1;1;1;1;1;1;1;1;1;1;1;1;1;1;1;1;1;1;1;1;1;1;1;1;1;1;1;1;1;1;1
CV_INV_AUX_SetInit;1;1;1;1;1;1;1;1;1;1;1;1;1;1;1;1;1;1;1;1;1;1;1;1;1;1;1;1;1;1;1;1;1;1;1;1;1;1;1;0,8888889;1;1;1;0,875;0,9285714;1;1;1;1;1;0;0,875;0,875;0,90909094;1;0,9230769;0,96875;1;1;1;1;1;1;1;1;1;1;0,85714287;0,8888889;0,9230769;0,85714287;1;0,9230769;0,94736844;1;1;0,9285714;1;0,875;0,8888889;0,85714287;0,9375;1;1;1;1;0,85714287;0,8888889;1;1;1;0,9230769;1;1;0,875;0,875;0,90909094;0,90909094;0,875;0,875;0,85714287;0,85714287
CV_INV_AUX_SetInputHV;1;1;1;1;1;1;1;1;1;1;1;1;1;1;1;1;1;1;1;1;1;1;1;1;1;1;1;1;1;1;1;1;1;1;1;1;1;1;1;0,8333333;1;1;1;0,8;0,90909094;1;1;1;1;1;0,875;0;0,8;0,71428573;1;0,9;0,9655172;1;1;1;1;1;1;1;1;1;1;0,75;0,8333333;0,9;0,75;1;0,9;0,9375;1;1;0,90909094;1;0,8;0,8333333;0,75;0,9230769;1;1;1;1;0,75;0,8333333;1;1;1;0,9;1;1;0,8;0,8;0,875;0,875;0,8;0,8;0,75;0,75
CV_INV_AUX_SetInput;1;1;1;1;1;1;1;1;1;1;1;1;1;1;1;1;1;1;1;1;1;1;1;1;1;1;1;1;1;1;1;1;1;1;1;1;1;1;1;0,8333333;1;1;1;0,8;0,90909094;1;1;1;1;1;0,875;0,8;0;0,875;1;0,9;0,9655172;1;1;1;1;1;1;1;1;1;1;0,75;0,8333333;0,9;0,75;1;0,9;0,9375;1;1;0,90909094;1;0,8;0,8333333;0,75;0,9230769;1;1;1;1;0,75;0,8333333;1;1;1;0,9;1;1;0,8;0,8;0,875;0,875;0,8;0,8;0,75;0,75
CV_INV_AUX_GetValue;1;1;1;1;1;1;1;1;1;1;1;1;1;1;1;1;1;1;1;1;1;1;1;1;1;1;1;1;1;1;1;1;1;1;1;1;1;1;1;0,8888889;1;1;1;0,875;0,72727275;1;1;1;1;1;0,90909094;0,71428573;0,875;0;0,71428573;0,9230769;0,96875;1;1;1;1;1;1;1;1;1;1;0,85714287;0,8888889;0,9230769;0,85714287;1;0,9230769;0,94736844;1;1;0,9285714;1;0,875;0,8888889;0,85714287;0,6923077;1;1;1;1;0,85714287;0,8888889;1;1;1;0,6;1;1;0,875;0,875;0,625;0,625;0,875;0,875;0,85714287;0,85714287
CV_INV_AUX_GetOutput;1;1;1;1;1;1;1;1;1;1;1;1;1;1;1;1;1;1;1;1;1;1;1;1;1;1;1;1;1;1;1;1;1;1;1;1;1;1;1;1;1;1;1;1;0,7;1;1;1;1;0,75;1;1;1;0,71428573;0;1;1;1;1;1;1;1;1;1;1;1;1;1;1;1;1;1;1;1;1;1;1;1;1;1;1;0,75;1;1;1;1;1;1;1;1;1;0,8888889;1;1;1;1;0,5714286;0,5714286;1;1;1;1
PLC_READ_FILE_Init;1;1;1;1;1;1;1;1;1;1;1;1;1;1;1;1;0,983871;1;1;1;1;1;1;1;1;1;1;1;1;1;1;1;1;1;1;1;1;1;1;0,90909094;1;1;1;0,9;0,9375;1;1;1;1;1;0,9230769;0,9;0,9;0,9230769;1;0;0,8333333;1;1;1;1;1;1;1;1;1;1;0,8888889;0,90909094;0,93333334;0,8888889;1;0,93333334;0,95238096;1;1;0,9375;1;0,9;0,90909094;0,8888889;0,9444444;1;1;1;1;0,8888889;0,90909094;1;1;1;0,93333334;1;1;0,9;0,9;0,9230769;0,9230769;0,9;0,9;0,8888889;0,8888889
PLC_READ_FILE_SetInput;1;1;1;1;1;1;1;1;1;1;1;1;1;1;1;1;0,9876543;1;1;1;1;1;1;1;1;1;1;1;1;1;1;1;1;1;1;1;1;1;1;0,96666664;1;1;1;0,9655172;0,9714286;1;1;1;1;1;0,96875;0,9655172;0,9655172;0,96875;1;0,8333333;0;1;1;1;1;1;1;1;1;1;0,7948718;0,96428573;0,96666664;0,9705882;0,96428573;1;0,9705882;0,975;1;1;0,9714286;1;0,9655172;0,96666664;0,96428573;0,972973;1;1;1;1;0,96428573;0,96666664;1;1;1;0,9705882;1;1;0,9655172;0,9655172;0,96875;0,96875;0,9655172;0,9655172;0,96428573;0,96428573
PLC_READ_FILE_GetValue1;1;1;1;1;1;1;1;1;1;1;1;1;1;1;1;1;1;1;1;1;1;1;1;1;1;1;1;1;1;1;1;1;1;1;1;1;1;1;1;1;1;1;1;1;1;1;1;1;1;1;1;1;1;1;1;1;1;0;1;1;1;1;1;1;1;1;1;1;1;1;1;1;1;1;1;1;1;1;1;1;1;1;1;1;1;1;1;1;1;1;1;1;1;1;1;1;1;1;1;1;1;1
PLC_READ_FILE_GetValue2;1;1;1;1;1;1;1;1;1;1;1;1;1;1;1;1;1;1;1;1;1;1;1;1;1;1;1;1;1;1;1;1;1;1;1;1;1;1;1;1;1;1;1;1;1;1;1;1;1;1;1;1;1;1;1;1;1;1;0;1;1;1;1;1;1;1;1;1;1;1;1;1;1;1;1;1;1;1;1;1;1;1;1;1;1;1;1;1;1;1;1;1;1;1;1;1;1;1;1;1;1;1
PLC_READ_FILE_GetValue3;1;1;1;1;1;1;1;1;1;1;1;1;1;1;1;1;1;1;1;1;1;1;1;1;1;1;1;1;1;1;1;1;1;1;1;1;1;1;1;1;1;1;1;1;1;1;1;1;1;1;1;1;1;1;1;1;1;1;1;0;1;1;1;1;1;1;1;1;1;1;1;1;1;1;1;1;1;1;1;1;1;1;1;1;1;1;1;1;1;1;1;1;1;1;1;1;1;1;1;1;1;1
PLC_READ_FILE_GetValue4;1;1;1;1;1;1;1;1;1;1;1;1;1;1;1;1;1;1;1;1;1;1;1;1;1;1;1;1;1;1;1;1;1;1;1;1;1;1;1;1;1;1;1;1;1;1;1;1;1;1;1;1;1;1;1;1;1;1;1;1;0;1;1;1;1;1;1;1;1;1;1;1;1;1;1;1;1;1;1;1;1;1;1;1;1;1;1;1;1;1;1;1;1;1;1;1;1;1;1;1;1;1
PLC_READ_FILE_GetValue5;1;1;1;1;1;1;1;1;1;1;1;1;1;1;1;1;1;1;1;1;1;1;1;1;1;1;1;1;1;1;1;1;1;1;1;1;1;1;1;1;1;1;1;1;1;1;1;1;1;1;1;1;1;1;1;1;1;1;1;1;1;0;1;1;1;1;1;1;1;1;1;1;1;1;1;1;1;1;1;1;1;1;1;1;1;1;1;1;1;1;1;1;1;1;1;1;1;1;1;1;1;1
PLC_READ_FILE_GetValue6;1;1;1;1;1;1;1;1;1;1;1;1;1;1;1;1;1;1;1;1;1;1;1;1;1;1;1;1;1;1;1;1;1;1;1;1;1;1;1;1;1;1;1;1;1;1;1;1;1;1;1;1;1;1;1;1;1;1;1;1;1;1;0;1;1;1;1;1;1;1;1;1;1;1;1;1;1;1;1;1;1;1;1;1;1;1;1;1;1;1;1;1;1;1;1;1;1;1;1;1;1;1
PLC_READ_FILE_GetValue7;1;1;1;1;1;1;1;1;1;1;1;1;1;1;1;1;1;1;1;1;1;1;1;1;1;1;1;1;1;1;1;1;1;1;1;1;1;1;1;1;1;1;1;1;1;1;1;1;1;1;1;1;1;1;1;1;1;1;1;1;1;1;1;0;1;1;1;1;1;1;1;1;1;1;1;1;1;1;1;1;1;1;1;1;1;1;1;1;1;1;1;1;1;1;1;1;1;1;1;1;1;1
PLC_READ_FILE_GetValue8;1;1;1;1;1;1;1;1;1;1;1;1;1;1;1;1;1;1;1;1;1;1;1;1;1;1;1;1;1;1;1;1;1;1;1;1;1;1;1;1;1;1;1;1;1;1;1;1;1;1;1;1;1;1;1;1;1;1;1;1;1;1;1;1;0;1;1;1;1;1;1;1;1;1;1;1;1;1;1;1;1;1;1;1;1;1;1;1;1;1;1;1;1;1;1;1;1;1;1;1;1;1
PLC_READ_FILE_GetValueCV;1;1;1;1;1;1;1;1;1;1;1;1;1;1;1;1;1;1;1;1;1;1;1;1;1;1;1;1;1;1;1;1;1;1;1;1;1;1;1;1;1;1;1;1;1;1;1;1;1;1;1;1;1;1;1;1;1;1;1;1;1;1;1;1;1;0;1;1;1;1;1;1;1;1;1;1;1;1;1;1;1;1;1;1;1;1;1;1;1;1;1;1;1;1;1;1;1;1;1;1;1;1
ReadFile;1;1;1;1;1;1;1;1;1;1;1;1;1;1;1;1;1;1;1;1;1;1;1;1;1;1;1;1;1;1;1;1;1;1;1;1;1;1;1;1;1;1;1;1;1;1;1;1;1;1;1;1;1;1;1;1;0,7948718;1;1;1;1;1;1;1;1;1;0;1;1;1;1;1;1;1;1;1;1;1;1;1;1;1;1;1;1;1;1;1;1;1;1;1;1;1;1;1;1;1;1;1;1;1
SC_CHARGE_SetInit;1;1;1;1;1;1;1;1;1;1;1;1;1;1;1;1;1;1;1;1;1;1;1;1;1;1;1;1;1;1;1;1;1;1;1;1;1;1;1;0,8;1;1;1;0,75;0,9;1;1;1;1;1;0,85714287;0,75;0,75;0,85714287;1;0,8888889;0,96428573;1;1;1;1;1;1;1;1;1;1;0;0,8;0,8888889;0,6666667;1;0,8888889;0,93333334;1;1;0,9;1;0,75;0,8;0,6666667;0,9166667;1;1;1;1;0,6666667;0,8;1;1;1;0,8888889;1;1;0,75;0,75;0,85714287;0,85714287;0,75;0,75;0,6666667;0,6666667
SC_CHARGE_SetValuePanto;1;1;1;1;1;1;1;1;1;1;1;1;1;1;1;1;1;1;1;1;1;1;1;1;1;1;1;1;1;1;1;1;1;1;1;1;1;1;1;0,85714287;1;1;1;0,8333333;0,9166667;1;1;1;1;1;0,8888889;0,8333333;0,8333333;0,8888889;1;0,90909094;0,96666664;1;1;1;1;1;1;1;1;1;1;0,8;0;0,8;0,8;1;0,90909094;0,9411765;1;1;0,9166667;1;0,8333333;0,85714287;0,8;0,9285714;1;1;1;1;0,8;0,85714287;1;1;1;0,90909094;1;1;0,8333333;0,8333333;0,8888889;0,8888889;0,8333333;0,8333333;0,8;0,8
SC_CHARGE_SetValueCapt;1;1;1;1;1;1;1;1;1;1;1;1;1;1;1;1;1;1;1;1;1;1;1;1;1;1;1;1;1;1;1;1;1;1;1;1;1;1;1;0,90909094;1;1;1;0,9;0,9375;1;1;1;1;1;0,9230769;0,9;0,9;0,9230769;1;0,93333334;0,9705882;1;1;1;1;1;1;1;1;1;1;0,8888889;0,8;0;0,8888889;1;0,93333334;0,95238096;1;1;0,9375;1;0,9;0,90909094;0,8888889;0,9444444;1;1;1;1;0,8888889;0,90909094;1;1;1;0,93333334;1;1;0,9;0,9;0,9230769;0,9230769;0,9;0,9;0,8888889;0,8888889
SC_CHARGE_GetValue;1;1;1;1;1;1;1;1;1;1;1;1;1;1;1;1;1;1;1;1;1;1;1;1;1;1;1;1;1;1;1;1;1;1;1;1;1;1;1;0,8;1;1;1;0,75;0,9;1;1;1;1;1;0,85714287;0,75;0,75;0,85714287;1;0,8888889;0,96428573;1;1;1;1;1;1;1;1;1;1;0,6666667;0,8;0,8888889;0;1;0,8888889;0,93333334;1;1;0,9;1;0,75;0,8;0,6666667;0,9166667;1;1;1;1;0,6666667;0,8;1;1;1;0,8888889;1;1;0,75;0,75;0,85714287;0,85714287;0,75;0,75;0,6666667;0,6666667
SC_LOC_EST_SetInit;1;1;1;1;1;1;1;1;1;1;1;1;1;1;1;1;1;1;1;1;1;1;1;1;1;1;1;1;1;1;1;1;1;1;1;1;1;1;1;1;1;1;1;1;1;1;1;1;1;1;1;1;1;1;1;1;1;1;1;1;1;1;1;1;1;1;1;1;1;1;1;0;1;1;1;1;1;1;1;1;1;1;1;1;1;1;1;1;1;1;1;1;1;1;1;1;1;1;1;1;1;1
SC_LOC_EST_SetBaliza;1;1;1;1;1;1;1;1;1;1;1;1;1;1;1;1;1;1;1;1;1;1;1;1;1;1;1;1;1;1;1;1;1;1;1;1;1;1;1;0,90909094;1;1;1;0,9;0,9375;1;1;1;1;1;0,9230769;0,9;0,9;0,9230769;1;0,93333334;0,9705882;1;1;1;1;1;1;1;1;1;1;0,8888889;0,90909094;0,93333334;0,8888889;1;0;0,8888889;1;1;0,93333334;1;0,9;0,8;0,8888889;0,88235295;1;1;1;1;0,8888889;0,90909094;1;1;1;0,93333334;1;1;0,9;0,9;0,9230769;0,9230769;0,9;0,9;0,8888889;0,8888889
SC_LOC_EST_GetEnEstacion;1;1;1;1;1;1;1;1;1;1;1;1;1;1;1;1;1;1;1;1;1;1;1;1;1;1;1;1;1;1;1;1;1;0,97619045;1;1;1;1;1;0,9411765;1;1;1;0,9375;0,95454544;1;1;1;1;1;0,94736844;0,9375;0,9375;0,94736844;1;0,95238096;0,975;1;1;1;1;1;1;1;1;1;1;0,93333334;0,9411765;0,95238096;0,93333334;1;0,8888889;0;1;1;0,95454544;1;0,9375;0,875;0,93333334;0,9130435;1;1;1;1;0,93333334;0,875;1;1;1;0,95238096;1;1;0,9375;0,9375;0,94736844;0,94736844;0,9375;0,9375;0,93333334;0,93333334
SC_LOC_EST_GetCodigo_Est;1;1;1;1;1;1;1;1;1;1;1;1;1;1;1;1;1;1;1;1;1;1;1;1;1;1;1;1;1;1;1;1;1;1;1;1;1;1;1;1;1;1;1;1;1;1;1;1;1;1;1;1;1;1;1;1;1;1;1;1;1;1;1;1;1;1;1;1;1;1;1;1;1;1;0;1;1;1;1;1;1;1;1;1;1;1;1;1;1;1;1;1;1;1;1;1;1;1;1;1;1;1
SC_LOC_EST_GetCurrent;1;1;1;1;1;1;1;1;1;1;1;1;1;1;1;1;1;1;1;1;1;1;1;1;1;1;1;1;1;1;1;1;1;1;1;1;1;1;1;1;1;1;1;1;1;1;1;1;1;1;1;1;1;1;1;1;1;1;1;1;1;1;1;1;1;1;1;1;1;1;1;1;1;1;1;0;1;1;1;1;1;1;1;1;1;1;1;1;1;1;1;1;1;1;1;1;1;1;1;1;1;1
SC_LOC_EST_GetTramo;1;1;1;1;1;1;1;1;1;1;1;1;1;1;1;1;1;1;1;1;1;1;1;1;1;1;1;1;1;1;1;1;1;1;1;1;1;1;1;0,9166667;1;1;1;0,90909094;0,9411765;1;1;1;1;1;0,9285714;0,90909094;0,90909094;0,9285714;1;0,9375;0,9714286;1;1;1;1;1;1;1;1;1;1;0,9;0,9166667;0,9375;0,9;1;0,93333334;0,95454544;1;1;0;1;0,90909094;0,9166667;0,9;0,94736844;1;1;1;1;0,9;0,9166667;1;1;1;0,9375;1;1;0,90909094;0,90909094;0,9285714;0,9285714;0,90909094;0,90909094;0,9;0,9
SC_LOC_EST_BalizaEstacion;1;1;1;1;1;1;1;1;1;1;1;1;1;1;1;1;1;1;1;1;1;1;1;1;1;1;1;1;1;1;1;1;1;1;1;1;1;1;1;1;1;1;1;1;1;1;1;1;1;1;1;1;1;1;1;1;1;1;1;1;1;1;1;1;1;1;1;1;1;1;1;1;1;1;1;1;1;0;1;1;1;1;1;1;1;1;1;1;1;1;1;1;1;1;1;1;1;1;1;1;1;1
SC_LOC_PROT_SetInit;1;1;1;1;1;1;1;1;1;1;1;1;1;1;1;1;1;1;1;1;1;1;1;1;1;1;1;1;1;1;1;1;1;1;1;1;1;1;1;0,8333333;1;1;1;0,8;0,90909094;1;1;1;1;1;0,875;0,8;0,8;0,875;1;0,9;0,9655172;1;1;1;1;1;1;1;1;1;1;0,75;0,8333333;0,9;0,75;1;0,9;0,9375;1;1;0,90909094;1;0;0,8333333;0,75;0,9230769;1;1;1;1;0,75;0,8333333;1;1;1;0,9;1;1;0,8;0,8;0,875;0,875;0,8;0,8;0,75;0,75
SC_LOC_PROT_SetBaliza;1;1;1;1;1;1;1;1;1;1;1;1;1;1;1;1;1;1;1;1;1;1;1;1;1;1;1;1;1;1;1;1;1;1;1;1;1;1;1;0,85714287;1;1;1;0,8333333;0,9166667;1;1;1;1;1;0,8888889;0,8333333;0,8333333;0,8888889;1;0,90909094;0,96666664;1;1;1;1;1;1;1;1;1;1;0,8;0,85714287;0,90909094;0,8;1;0,8;0,875;1;1;0,9166667;1;0,8333333;0;0,8;0,6363636;1;1;1;1;0,8;0,85714287;1;1;1;0,90909094;1;1;0,8333333;0,8333333;0,8888889;0,8888889;0,8333333;0,8333333;0,8;0,8
SC_LOC_PROT_SetCond;1;1;1;1;1;1;1;1;1;1;1;1;1;1;1;1;1;1;1;1;1;1;1;1;1;1;1;1;1;1;1;1;1;1;1;1;1;1;1;0,8;1;1;1;0,75;0,9;1;1;1;1;1;0,85714287;0,75;0,75;0,85714287;1;0,8888889;0,96428573;1;1;1;1;1;1;1;1;1;1;0,6666667;0,8;0,8888889;0,6666667;1;0,8888889;0,93333334;1;1;0,9;1;0,75;0,8;0;0,8181818;1;1;1;1;0,6666667;0,8;1;1;1;0,8888889;1;1;0,75;0,75;0,85714287;0,85714287;0,75;0,75;0,6666667;0,6666667
SC_LOC_PROT_GetDES_AT;1;1;1;1;1;1;1;1;1;1;1;1;1;1;1;1;1;1;1;1;1;1;1;1;1;1;1;1;1;1;1;1;1;1;1;1;1;1;1;0,9285714;1;1;1;0,9230769;0,75;1;1;1;1;1;0,9375;0,9230769;0,9230769;0,6923077;0,75;0,9444444;0,972973;1;1;1;1;1;1;1;1;1;1;0,9166667;0,9285714;0,9444444;0,9166667;1;0,88235295;0,9130435;1;1;0,94736844;1;0,9230769;0,6363636;0,8181818;0;1;1;0,90909094;0,90909094;0,9166667;0,9285714;1;1;1;0,73333335;1;1;0,9230769;0,9230769;0,6923077;0,6923077;0,9230769;0,9230769;0,9166667;0,9166667
SC_LOC_PROT_GetAL_SIN;1;1;1;1;1;1;1;1;1;1;1;1;1;1;1;1;1;1;1;1;1;1;1;1;1;1;1;1;1;1;1;1;1;1;1;1;1;1;1;1;1;1;1;1;1;1;1;1;1;1;1;1;1;1;1;1;1;1;1;1;1;1;1;1;1;1;1;1;1;1;1;1;1;1;1;1;1;1;1;1;1;1;0;1;1;1;1;1;1;1;1;1;1;1;1;1;1;1;1;1;1;1
SC_LOC_PROT_GetAL_CON;1;1;1;1;1;1;1;1;1;1;1;1;1;1;1;1;1;1;1;1;1;1;1;1;1;1;1;1;1;1;1;1;1;1;1;1;1;1;1;1;1;1;1;1;1;1;1;1;1;1;1;1;1;1;1;1;1;1;1;1;1;1;1;1;1;1;1;1;1;1;1;1;1;1;1;1;1;1;1;1;1;1;1;0;1;1;1;1;1;1;1;1;1;1;1;1;1;1;1;1;1;1
SC_LOC_PROT_BalizaSIN;1;1;1;1;1;1;1;1;1;1;1;1;1;1;1;1;1;1;1;1;1;1;1;1;1;1;1;1;1;1;1;1;1;1;1;1;1;1;1;1;1;1;1;1;1;1;1;1;1;1;1;1;1;1;1;1;1;1;1;1;1;1;1;1;1;1;1;1;1;1;1;1;1;1;1;1;1;1;1;1;1;0,90909094;1;1;0;0;1;1;1;1;1;1;1;1;1;1;1;1;1;1;1;1
SC_LOC_PROT_BalizaCON;1;1;1;1;1;1;1;1;1;1;1;1;1;1;1;1;1;1;1;1;1;1;1;1;1;1;1;1;1;1;1;1;1;1;1;1;1;1;1;1;1;1;1;1;1;1;1;1;1;1;1;1;1;1;1;1;1;1;1;1;1;1;1;1;1;1;1;1;1;1;1;1;1;1;1;1;1;1;1;1;1;0,90909094;1;1;0;0;1;1;1;1;1;1;1;1;1;1;1;1;1;1;1;1
SC_LOC_SAL_SetInit;1;1;1;1;1;1;1;1;1;1;1;1;1;1;1;1;1;1;1;1;1;1;1;1;1;1;1;1;1;1;1;1;1;1;1;1;1;1;1;0,8;1;1;1;0,75;0,9;1;1;1;1;1;0,85714287;0,75;0,75;0,85714287;1;0,8888889;0,96428573;1;1;1;1;1;1;1;1;1;1;0,6666667;0,8;0,8888889;0,6666667;1;0,8888889;0,93333334;1;1;0,9;1;0,75;0,8;0,6666667;0,9166667;1;1;1;1;0;0,8;1;1;1;0,8888889;1;1;0,75;0,75;0,85714287;0,85714287;0,75;0,75;0,6666667;0,6666667
SC_LOC_SAL_SetTransicion;1;1;1;1;1;1;1;1;1;1;1;1;1;1;1;1;1;1;1;1;1;1;1;1;1;1;1;1;1;1;1;1;1;1;1;1;1;1;1;0,85714287;1;1;1;0,8333333;0,9166667;1;1;1;1;1;0,8888889;0,8333333;0,8333333;0,8888889;1;0,90909094;0,96666664;1;1;1;1;1;1;1;1;1;1;0,8;0,85714287;0,90909094;0,8;1;0,90909094;0,875;1;1;0,9166667;1;0,8333333;0,85714287;0,8;0,9285714;1;1;1;1;0,8;0;1;1;1;0,9;1;1;0,8333333;0,8333333;0,8888889;0,8888889;0,8333333;0,8333333;0,8;0,8
SC_LOC_SAL_GetZonaCON;1;1;1;1;1;1;1;1;1;1;1;1;1;1;1;1;1;1;1;1;1;1;1;1;1;1;1;1;1;1;1;1;1;1;1;1;1;1;1;1;1;1;1;1;1;1;1;1;1;1;1;1;1;1;1;1;1;1;1;1;1;1;1;1;1;1;1;1;1;1;1;1;1;1;1;1;1;1;1;1;1;1;1;1;1;1;1;1;0;0;0;0,875;1;1;1;1;1;1;1;1;1;1
SC_LOC_SAL_GetZonaSIN;1;1;1;1;1;1;1;1;1;1;1;1;1;1;1;1;1;1;1;1;1;1;1;1;1;1;1;1;1;1;1;1;1;1;1;1;1;1;1;1;1;1;1;1;1;1;1;1;1;1;1;1;1;1;1;1;1;1;1;1;1;1;1;1;1;1;1;1;1;1;1;1;1;1;1;1;1;1;1;1;1;1;1;1;1;1;1;1;0;0;0;0,875;1;1;1;1;1;1;1;1;1;1
SC_LOC_SAL_GetPtoCarga;1;1;1;1;1;1;1;1;1;1;1;1;1;1;1;1;1;1;1;1;1;1;1;1;1;1;1;1;1;1;1;1;1;1;1;1;1;1;1;1;1;1;1;1;1;1;1;1;1;1;1;1;1;1;1;1;1;1;1;1;1;1;1;1;1;1;1;1;1;1;1;1;1;1;1;1;1;1;1;1;1;1;1;1;1;1;1;1;0;0;0;0,875;1;1;1;1;1;1;1;1;1;1
SC_LOC_SAL_SetFault;1;1;1;1;1;1;1;1;1;1;1;1;1;1;1;1;1;1;1;1;1;1;1;1;1;1;1;1;1;1;1;1;1;1;1;1;1;1;1;0,90909094;1;1;1;0,9;0,7692308;1;1;1;1;1;0,9230769;0,9;0,9;0,6;0,8888889;0,93333334;0,9705882;1;1;1;1;1;1;1;1;1;1;0,8888889;0,90909094;0,93333334;0,8888889;1;0,93333334;0,95238096;1;1;0,9375;1;0,9;0,90909094;0,8888889;0,73333335;1;1;1;1;0,8888889;0,9;0,875;0,875;0,875;0;1;1;0,9;0,9;0,8;0,7;0,9;0,9;0,8888889;0,8888889
SC_LOC_SAL_GetMinorFault;1;1;1;1;1;1;1;1;1;1;1;1;1;1;1;1;1;1;1;1;1;1;1;1;1;1;1;1;1;1;1;1;1;1;1;1;1;1;1;1;1;1;1;1;1;1;1;1;1;1;1;1;1;1;1;1;1;1;1;1;1;1;1;1;1;1;1;1;1;1;1;1;1;1;1;1;1;1;1;1;1;1;1;1;1;1;1;1;1;1;1;1;0;1;1;1;1;1;1;1;1;1
SC_LOC_SAL_GetMajorFault;1;1;1;1;1;1;1;1;1;1;1;1;1;1;1;1;1;1;1;1;1;1;1;1;1;1;1;1;1;1;1;1;1;1;1;1;1;1;1;1;1;1;1;1;1;1;1;1;1;1;1;1;1;1;1;1;1;1;1;1;1;1;1;1;1;1;1;1;1;1;1;1;1;1;1;1;1;1;1;1;1;1;1;1;1;1;1;1;1;1;1;1;1;0;1;1;1;1;1;1;1;1
SC_PUL_PULSA_SetInit;1;1;1;1;1;1;1;1;1;1;1;1;1;1;1;1;1;1;1;1;1;1;1;1;1;1;1;1;1;1;1;1;1;1;1;1;1;1;1;0,8333333;1;1;1;0,8;0,90909094;1;1;1;1;1;0,875;0,8;0,8;0,875;1;0,9;0,9655172;1;1;1;1;1;1;1;1;1;1;0,75;0,8333333;0,9;0,75;1;0,9;0,9375;1;1;0,90909094;1;0,8;0,8333333;0,75;0,9230769;1;1;1;1;0,75;0,8333333;1;1;1;0,9;1;1;0;0,8;0,875;0,875;0,8;0,8;0,75;0,75
SC_PUL_PULSA_SetFlanco;1;1;1;1;1;1;1;1;1;1;1;1;1;1;1;1;1;1;1;1;1;1;1;1;1;1;1;1;1;1;1;1;1;1;1;1;1;1;1;0,8333333;1;1;1;0,8;0,90909094;1;1;1;1;1;0,875;0,8;0,8;0,875;1;0,9;0,9655172;1;1;1;1;1;1;1;1;1;1;0,75;0,8333333;0,9;0,75;1;0,9;0,9375;1;1;0,90909094;1;0,8;0,8333333;0,75;0,9230769;1;1;1;1;0,75;0,8333333;1;1;1;0,9;1;1;0,8;0;0,875;0,875;0,5;0,8;0,75;0,75
SC_PUL_PULSA_SetPulsCont;1;1;1;1;1;1;1;1;1;1;1;1;1;1;1;1;1;1;1;1;1;1;1;1;1;1;1;1;1;1;1;1;1;1;1;1;1;1;1;0,8888889;1;1;1;0,875;0,6363636;1;1;1;1;1;0,90909094;0,875;0,875;0,625;0,5714286;0,9230769;0,96875;1;1;1;1;1;1;1;1;1;1;0,85714287;0,8888889;0,9230769;0,85714287;1;0,9230769;0,94736844;1;1;0,9285714;1;0,875;0,8888889;0,85714287;0,6923077;1;1;1;1;0,85714287;0,8888889;1;1;1;0,8;1;1;0,875;0,875;0;0,5;0,875;0,875;0,85714287;0,85714287
SC_PUL_PULSA_Set2Puls;1;1;1;1;1;1;1;1;1;1;1;1;1;1;1;1;1;1;1;1;1;1;1;1;1;1;1;1;1;1;1;1;1;1;1;1;1;1;1;0,8888889;1;1;1;0,875;0,6363636;1;1;1;1;1;0,90909094;0,875;0,875;0,625;0,5714286;0,9230769;0,96875;1;1;1;1;1;1;1;1;1;1;0,85714287;0,8888889;0,9230769;0,85714287;1;0,9230769;0,94736844;1;1;0,9285714;1;0,875;0,8888889;0,85714287;0,6923077;1;1;1;1;0,85714287;0,8888889;1;1;1;0,7;1;1;0,875;0,875;0,5;0;0,875;0,875;0,85714287;0,85714287
SC_PUL_PULSA_GetPulsa;1;1;1;1;1;1;1;1;1;1;1;1;1;1;1;1;1;1;1;1;1;1;1;1;1;1;1;1;1;1;1;1;1;1;1;1;1;1;1;0,8333333;1;1;1;0,8;0,90909094;1;1;1;1;1;0,875;0,8;0,8;0,875;1;0,9;0,9655172;1;1;1;1;1;1;1;1;1;1;0,75;0,8333333;0,9;0,75;1;0,9;0,9375;1;1;0,90909094;1;0,8;0,8333333;0,75;0,9230769;1;1;1;1;0,75;0,8333333;1;1;1;0,9;1;1;0,8;0,5;0,875;0,875;0;0,8;0,75;0,75
SC_UCU_VAR_Select;1;1;1;1;1;1;1;1;1;1;1;1;1;1;1;1;1;1;1;1;1;1;1;1;1;1;1;1;1;1;1;1;1;1;1;1;1;1;1;0,8333333;1;1;1;0,8;0,90909094;1;1;1;1;1;0,875;0,8;0,8;0,875;1;0,9;0,9655172;1;1;1;1;1;1;1;1;1;1;0,75;0,8333333;0,9;0,75;1;0,9;0,9375;1;1;0,90909094;1;0,8;0,8333333;0,75;0,9230769;1;1;1;1;0,75;0,8333333;1;1;1;0,9;1;1;0,8;0,8;0,875;0,875;0,8;0;0,33333334;0,33333334
SC_UCU_VAR_Acop;1;1;1;1;1;1;1;1;1;1;1;1;1;1;1;1;1;1;1;1;1;1;1;1;1;1;1;1;1;1;1;1;1;1;1;1;1;1;1;0,8;1;1;1;0,75;0,9;1;1;1;1;1;0,85714287;0,75;0,75;0,85714287;1;0,8888889;0,96428573;1;1;1;1;1;1;1;1;1;1;0,6666667;0,8;0,8888889;0,6666667;1;0,8888889;0,93333334;1;1;0,9;1;0,75;0,8;0,6666667;0,9166667;1;1;1;1;0,6666667;0,8;1;1;1;0,8888889;1;1;0,75;0,75;0,85714287;0,85714287;0,75;0,33333334;0;0,6666667
SC_UCU_VAR_GetOutput;1;1;1;1;1;1;1;1;1;1;1;1;1;1;1;1;1;1;1;1;1;1;1;1;1;1;1;1;1;1;1;1;1;1;1;1;1;1;1;0,8;1;1;1;0,75;0,9;1;1;1;1;1;0,85714287;0,75;0,75;0,85714287;1;0,8888889;0,96428573;1;1;1;1;1;1;1;1;1;1;0,6666667;0,8;0,8888889;0,6666667;1;0,8888889;0,93333334;1;1;0,9;1;0,75;0,8;0,6666667;0,9166667;1;1;1;1;0,6666667;0,8;1;1;1;0,8888889;1;1;0,75;0,75;0,85714287;0,85714287;0,75;0,33333334;0,6666667;0